{"device_version": "1.0.0", "release_level": 3, "device_product": "emailextractor", "input_plugin": "redis", "incident_id_url": "https://soar.sirc.viettel.com/#/case/detail/200722_0192", "subject": "RE: VIETTEL Account Major : Case # 200714-325931 : Call failed to\n Thailand via trunk GTS[Forward]", "shift": "9", "link": "http://10.30.182.245:8080/api/resource/get_url_phishing_image/64ab6b32e4aad5fd0a108f42ab45db3f96b7dbc1_0.png", "organization_group": "vt_alert_root", "reputation": "unestimate", "correlation_engine_id": "sirc", "mailfrom": "ayeo@rbbn.com", "type": "event", "cart_id": "tagged", "tagged_at": 1595412603000, "signature_id": "10", "incident_id": "200722_0192", "query_name": "Email_PhishingURL", "tagged": [{"name": ["mailfrom", "subject", "url"], "user": "hoanglm7", "labels": ["Negative"], "status": "tagged"}], "reputation_label": null, "alert_id": "200722_094523", "@version": "1", "timestamp": 1595407852196, "severity": 1, "is_malware": "1", "source_log": "emailextractor", "log_parser": "email_extractor", "filtered_ids": ["Filter_Malware_CommonMalware_Email_Extractor_Malware_Email_PhishingURL"], "project_code": "auto-nothing", "url": "https://support.sonus.net/display/SBXDOC50/Call&#43;Trace&#43;Logs&#43;and&#43;Monitors&#43;-&#43;Log&#43;Rollover", "_cluster": 1598521938628, "@timestamp": "2020-07-22T08:50:52.196Z", "event_id": "98027a94-637b-4060-8f32-0192871a980c", "extra_data": "{\"attachment\":null,\"urls\":null,\"blacklist_urls\":null}", "domain": "support.sonus.net", "mailto": ["chipphalo@metfone.com.kh"], "device_vendor": "vcs", "input_label": "PhishingURL", "category": "ex_alert_email_quarantine", "object": "[\"chipphalo@metfone.com.kh\"]", "_id": "QVhOMXQtUVdwcWhpLTZnVHJ2bVVFbWFpbF9QaGlzaGluZ1VSTA=="}
